year,obs_value
2016,2.51
2017,2.3274999999999997
2018,2.185
2019,2.0125
2020,1.855
2021,1.8275000000000001
2022,2.1725
2023,4.51
2024,4.5175
2025,3.9299999999999997
